g_id,cve_ent,nom_ent,nom_jardin,direccion,www,x_long,y_lat
1,03,Baja California Sur,Guyiaqui Jardín Etnobiológico de Baja California Sur,"Km 1 carretera a San Juan de La Costa, El Comitán, C.P. 23205 , La Paz, Baja California Sur",https://www.cibnor.gob.mx/guyiaqui/,-110.4297204,24.1319115
2,04,Campeche,Jardín Etnobiológico de Campeche,"Calle 11 s/n entre 22 y 28, C.P. 24520, Chiná, Municipio Campeche, Campeche",https://jec-lacb.org/,-90.5060008,19.7704524
3,05,Coahuila de Zaragoza,Jardín Etnobiológico del Semidesierto de Coahuila,"Blvd. Venustiano Carranza s/n Col. República Oriente C.P. 25280 Saltillo, Coah",http://www.uadec.mx/cije/,-102.8059661,25.3286711
4,06,Colima,Jardín Etnobiológico “La Campana”,"Ave. Tecnológico s/n, Villa de Álvarez, Colima. Dentro del Área Natural Protegida de La Campana",página en construcción,-103.7227616,19.2661084
5,07,Chiapas,Jardín Etnobiológico de las Selvas del Soconusco (JESS),-999,https://www.facebook.com/JardinJESS?mibextid=ZbWKwL,-92.4135333,15.1171541
6,09,Ciudad de México,Jardín Etnobiológico de la Ciudad de México,"Jardín Botánico del Instituto de Biología. Tercer Circuito Exterior, Ciudad Universitaria, Alcaldía Coyoacán, C.P. 04510, Ciudad de México. ",https://www.ib.unam.mx/ib/jb/,-99.193539,19.3196213
7,10,Durango,Jardín Etnobiológico Estatal de Durango,Blvd. Sahuatoba 204 Fracc. Parque Milenio (Parque Centenario) C.P. 34045,https://www.facebook.com/people/Jard%C3%ADn-Etnobiol%C3%B3gico-Estatal-de-Durango/100063455873791/,-104.6964642,24.023722
8,11,Guanajuato,"Jardín Etnobiológico de Guanajuato ""El charco del Ingenio""","Paloma S/N, Las Colonias, 37720 San Miguel de Allende, Gto.",https://elcharco.org.mx/,-100.7281779,20.9181806
9,12,Guerrero,Jardín Etnobiológico de la UAGro,"Avenida Lázaro Cárdenas sin núm. Ciudad Universitaria Campus Sur, Jardín Botánico, C.P. 39 087, Chilpancingo, Guerrero",https://www.uagroetnobiologico.com/,-99.4955578,17.5370117
10,14,Jalisco,Jardín Etnobiológico de la región Valles y sierra Occidental de Jalisco,"Carretera Guadalajara a Ameca Km 45, 46600 Ameca, Jalisco",https://www.jej.mx/,-103.9659001,20.5397421
11,15,México,Jardín Etnobiológico Totláli,"Calle Guerrero s/n, San Pablo Tejalpa, Zumpahuacán, Estado de México.",https://www.totlali.com.mx/,-99.5923213,18.8622085
12,17,Morelos,Jardín Etnobotánico y Museo de Medicina Tradicional,"Mariano Matamoros 14, Acapantzingo, 62440 Cuernavaca, Mor",https://mediateca.inah.gob.mx/islandora_74/islandora/object/museo%3A1404,-99.2238114,18.908914
13,18,Nayarit,Jardín Etnobiológico Tachi’í de Nayarit,Av. Tecnológico entre Av. Lagos del country y Av. Parkinson,https://www.facebook.com/ParqueEcologicoTachii,-104.8609339,21.475677
14,19,Nuevo León,Jardín Etnobiológico de la Universidad Autónoma de Nuevo León (sede uno),"Facultad de Agronomía, Marín, Nuevo León Carretera Zuazua-Marín Km. 17.5, Marín, N.L.",http://www.jardinetnobiologico.uanl.mx/,-100.0458269,25.8747935
15,19,Nuevo León,Jardín Botánico Efraim Hernández Xolocotzi (sede dos),"Facultad de Ciencias Forestales, Linares, Nuevo León Km 145 Carretera Nacional Cd. Victoria-Monterrey",https://jardinbotanicofcfuanl.com,-99.5389581,24.7970538
16,20,Oaxaca,Jardín Etnobotánico de Oaxaca,"Reforma s/n esquina con Constitución (a espaldas del templo de Santo Domingo), Centro, Oaxaca de Juárez, Oax., C.P. 68000",https://jardinoaxaca.mx/,-96.7222109,17.0665741
17,21,Puebla,Jardín Etnobiológico de los Siete Pueblos Originarios del Estado de Puebla,"Calle Principal a Lipuntahuaca s/n. Lipuntahuaca, Huehuetla, Puebla. C.p. 73475",https://jardin.uiep.edu.mx/,-97.6269029,20.0815416
18,22,Querétaro,Jardín Etnobiológico Concá,"Valle Agrícola s/n, localidad Concá, municipio Arroyo Seco, Querétaro.",https://www.facebook.com/people/Jard%C3%ADn-Etnobiol%C3%B3gico-Conc%C3%A1-UAQ/100078669285221/,-99.6273816,21.432751
19,23,Quintana Roo,Jardín Etnobiológico San Felipe Bacalar,"Kilómetro 29 Carretera Federal 307 (Chetumal – Cancún), Bacalar, Bacalar, Quintana Roo, México.",https://www.facebook.com/profile.php?id=100064152482331,-88.3417828,18.7593786
20,24,San Luis Potosí,Jardín Etnobiológico San Luis Potosí,"Facultad de Agronomía y Veterinaria. Carretera San Luis - Matehuala Km. 14.5 Ejido Palma de la Cruz, 78321 Soledad de Graciano Sánchez, S.L.P.",https://www.facebook.com/Jardinetnobiologicosanluispotosi/,-100.9951074,22.1176751
21,25,Sinaloa,Jardín Etnobiológico Juyya Ánnia,"Blvd. Antonio Rosales #750 Sur. Los Mochis, Sinaloa. C.P. 81200",https://jbbfj.org/jardin-etnobiologico/,-109.0038432,25.7913353
22,26,Sonora,Renatura Sonora Jardín Etnobiológico Comunitario,"Av. Mar de Cortés esquina calles Estrella B. de Félix. Predio Roca Roja, Bahía de Kino, Sonora",https://redescubramossonora.mx/renaturasonora/,-112.0306605,28.8750001
23,29,Tlaxcala,Jardín Etnobiológico Tlaxcallan,"Km. 10.5, Carr. San Martín Texmelucan-Tlaxcala, Municipiode Ixtacuixtla de Mariano Matamoros, Tlaxcala, Tlax.  C.P. 90120",página en construcción,-98.3657453,19.3284135
24,30,Veracruz de Ignacio de la Llave,Jardín Botánico Francisco Javier Clavijero,"Carretera antigua a Coatepec N° 351. Col. El Haya. C.P. 91073 Xalapa, Veracruz",http://jardin.inecol.mx/,-96.946715,19.5129488
25,31,Yucatán,"Jardín Botánico Regional ""Roger Orellana""","Centro de Investigación Científica de Yucatán (CICY) C. 43 #130 x32 y 34, Chuburná de Hidalgo, 97205 Mérida",https://www.cicy.mx/jardin-botanico,-89.64015,21.0277171
